{"cameraMode":{"drawMode":0,"name":"Shaded","section":"Shading Mode"},"sceneLighting":false,"audioPlay":false,"sceneViewState":{"showFog":true,"showMaterialUpdate":false,"showSkybox":false,"showFlares":true,"showImageEffects":true,"showParticleSystems":true},"in2DMode":false,"pivot":{"x":-5.960464477539063e-8,"y":10.670000076293946,"z":-1.4901161193847657e-7},"rotation":{"x":-0.09078162163496018,"y":0.6268687844276428,"z":-0.07387616485357285,"w":-0.7703014016151428},"size":0.6928200721740723,"orthographic":false}